timestamp,caller_number,callee_number,duration_sec,cell_tower
2026-01-01 08:46:00,9988776655,9700778899,245,LKO_AM_09
2026-01-01 09:01:00,9812345678,9876543211,107,LKO_HZ_02
2026-01-01 09:22:00,9876543211,9111222333,186,LKO_AM_09
2026-01-01 09:35:00,9876543211,9111222333,160,HYD_HC_01
2026-01-01 11:48:00,9988776655,9812345678,182,LKO_GN_07
2026-01-01 19:01:00,9876543210,9933557788,191,HYD_BH_03
2026-01-01 19:28:00,9811223344,9988776655,210,LKO_AL_11
2026-01-01 19:47:00,9876543210,9812345678,339,LKO_GN_07
2026-01-01 20:17:00,9876543210,9812345678,185,LKO_HZ_02
2026-01-01 21:10:00,9111222333,9848012345,119,LKO_CH_04
2026-01-01 22:55:00,9700112233,9933557788,195,LKO_AM_09
2026-01-02 01:38:00,9111222333,9000011122,2500,LKO_HZ_02
2026-01-02 02:10:00,9111222333,9000011122,2146,LKO_CH_04
2026-01-02 09:42:00,9812345678,9876543210,176,HYD_HC_01
2026-01-02 11:47:00,9988776655,9812345678,297,LKO_AM_09
2026-01-02 11:54:00,9876543210,9933557788,209,HYD_HC_01
2026-01-02 13:25:00,9876543210,9700778899,147,LKO_GN_07
2026-01-02 14:29:00,9812345678,9933557788,222,HYD_HC_01
2026-01-02 14:56:00,9700112233,9848012345,244,LKO_HZ_02
2026-01-02 16:22:00,9000011122,9933557788,86,HYD_BH_03
2026-01-02 19:44:00,9111222333,9848012345,101,LKO_HZ_02
2026-01-02 20:03:00,9415012345,9700778899,127,HYD_HC_01
2026-01-02 22:45:00,9811223344,9933557788,171,LKO_HZ_02
2026-01-03 09:43:00,9700112233,9700445566,284,HYD_HC_01
2026-01-03 11:09:00,9876543210,9933557788,171,HYD_HC_01
2026-01-03 15:00:00,9111222333,9812345678,144,LKO_AM_09
2026-01-03 17:31:00,9876543210,9812345678,106,HYD_HC_01
2026-01-03 18:21:00,9988776655,9700778899,67,LKO_AL_11
2026-01-03 18:29:00,9111222333,9848012345,97,LKO_AL_11
2026-01-03 23:37:00,9812345678,9876543211,264,LKO_AL_11
2026-01-04 01:05:00,9111222333,9000011122,2698,LKO_CH_04
2026-01-04 02:03:00,9111222333,9000011122,1693,LKO_AM_09
2026-01-04 11:07:00,9000011122,9933557788,178,LKO_AL_11
2026-01-04 11:45:00,9700445566,9415012345,169,LKO_CH_04
2026-01-04 13:28:00,9700112233,9415012345,274,LKO_CH_04
2026-01-04 14:13:00,9848098765,9933557788,286,HYD_HC_01
2026-01-04 15:35:00,9812345678,9700112233,94,LKO_AL_11
2026-01-04 19:12:00,9876543210,9933557788,168,LKO_AL_11
2026-01-04 22:40:00,9812345678,9876543210,212,HYD_HC_01
2026-01-04 22:58:00,9811223344,9988776655,60,LKO_AM_09
2026-01-05 08:43:00,9848012345,9700445566,60,LKO_GN_07
2026-01-05 10:21:00,9876543210,9812345678,70,LKO_AM_09
2026-01-05 10:46:00,9811223344,9848098765,252,LKO_HZ_02
2026-01-05 12:57:00,9000011122,9933557788,64,HYD_HC_01
2026-01-05 13:51:00,9111222333,9700445566,65,LKO_HZ_02
2026-01-05 14:22:00,9876543211,9700112233,226,LKO_CH_04
2026-01-05 16:28:00,9811223344,9415012345,81,LKO_CH_04
2026-01-05 17:15:00,9111222333,9848012345,65,HYD_BH_03
2026-01-05 19:14:00,9876543210,9933557788,93,LKO_GN_07
2026-01-05 20:26:00,9700778899,9848012345,107,LKO_GN_07
2026-01-06 02:26:00,9111222333,9000011122,2194,LKO_CH_04
2026-01-06 08:37:00,9000011122,9876543210,254,LKO_AM_09
2026-01-06 10:03:00,9415012345,9848098765,270,LKO_GN_07
2026-01-06 10:12:00,9700445566,9848012345,161,LKO_HZ_02
2026-01-06 12:55:00,9876543211,9812345678,98,LKO_CH_04
2026-01-06 12:59:00,9876543210,9111222333,242,LKO_AL_11
2026-01-06 15:57:00,9111222333,9848012345,37,LKO_HZ_02
2026-01-06 19:34:00,9876543210,9933557788,41,HYD_BH_03
2026-01-06 19:50:00,9111222333,9700445566,294,HYD_BH_03
2026-01-06 19:53:00,9000011122,9933557788,61,LKO_GN_07
2026-01-07 09:04:00,9933557788,9415012345,285,LKO_HZ_02
2026-01-07 10:59:00,9848098765,9988776655,188,LKO_GN_07
2026-01-07 12:10:00,9811223344,9000011122,234,HYD_HC_01
2026-01-07 12:39:00,9848098765,9700445566,280,LKO_GN_07
2026-01-07 12:59:00,9700112233,9848098765,63,LKO_HZ_02
2026-01-07 15:25:00,9000011122,9933557788,76,HYD_BH_03
2026-01-07 19:15:00,9876543210,9933557788,110,LKO_AM_09
2026-01-07 19:55:00,9876543210,9812345678,180,LKO_CH_04
2026-01-07 20:13:00,9811223344,9988776655,231,HYD_BH_03
2026-01-07 20:37:00,9812345678,9933557788,204,LKO_AM_09
2026-01-07 22:04:00,9000011122,9700778899,14,LKO_CH_04
2026-01-08 04:53:00,9111222333,9000011122,1766,LKO_GN_07
2026-01-08 09:56:00,9876543210,9876543211,86,LKO_AM_09
2026-01-08 12:23:00,9812345678,9876543210,30,LKO_AL_11
2026-01-08 14:32:00,9876543210,9933557788,340,LKO_AL_11
2026-01-08 16:45:00,9700445566,9848012345,228,LKO_AM_09
2026-01-08 17:35:00,9876543210,9000011122,85,LKO_CH_04
2026-01-08 20:21:00,9876543211,9876543210,164,HYD_BH_03
2026-01-08 20:35:00,9876543210,9812345678,139,LKO_AL_11
2026-01-08 21:08:00,9111222333,9848012345,111,LKO_AL_11
2026-01-09 11:12:00,9876543210,9848012345,245,LKO_AL_11
2026-01-09 14:21:00,9700112233,9811223344,152,HYD_HC_01
2026-01-09 16:39:00,9876543210,9933557788,169,LKO_HZ_02
2026-01-09 18:55:00,9111222333,9700778899,137,LKO_AL_11
2026-01-09 19:06:00,9812345678,9876543210,241,HYD_HC_01
2026-01-09 19:06:00,9812345678,9700778899,205,HYD_HC_01
2026-01-09 19:59:00,9876543210,9812345678,180,HYD_HC_01
2026-01-09 21:14:00,9988776655,9700778899,124,LKO_GN_07
2026-01-10 01:38:00,9111222333,9000011122,2089,LKO_AL_11
2026-01-10 08:45:00,9811223344,9988776655,233,LKO_GN_07
2026-01-10 15:11:00,9000011122,9933557788,134,LKO_AL_11
2026-01-10 16:07:00,9111222333,9933557788,207,LKO_AM_09
2026-01-10 16:43:00,9848098765,9700778899,110,LKO_AL_11
2026-01-10 18:58:00,9111222333,9876543211,179,LKO_AM_09
2026-01-10 19:32:00,9876543211,9812345678,264,HYD_BH_03
2026-01-10 21:07:00,9000011122,9700112233,163,LKO_AM_09
2026-01-11 10:01:00,9700778899,9811223344,33,LKO_HZ_02
2026-01-11 11:43:00,9415012345,9700778899,168,LKO_HZ_02
2026-01-11 12:27:00,9111222333,9848012345,130,LKO_AM_09
2026-01-11 14:25:00,9812345678,9876543211,211,LKO_AM_09
2026-01-11 15:42:00,9876543210,9812345678,254,HYD_BH_03
2026-01-11 15:43:00,9848012345,9415012345,119,LKO_AM_09
2026-01-11 16:42:00,9876543211,9988776655,181,LKO_GN_07
2026-01-11 19:19:00,9812345678,9933557788,163,LKO_AM_09
2026-01-11 22:50:00,9848012345,9700778899,96,HYD_BH_03
2026-01-12 02:51:00,9111222333,9000011122,2151,HYD_BH_03
2026-01-12 02:58:00,9111222333,9000011122,1448,LKO_CH_04
2026-01-12 03:48:00,9111222333,9000011122,2106,LKO_AM_09
2026-01-12 10:14:00,9876543211,9812345678,206,HYD_BH_03
2026-01-12 10:57:00,9876543210,9933557788,144,HYD_HC_01
2026-01-12 12:21:00,9988776655,9811223344,173,LKO_AM_09
2026-01-12 12:28:00,9700112233,9811223344,49,HYD_BH_03
2026-01-12 12:51:00,9812345678,9933557788,238,LKO_AM_09
2026-01-12 15:16:00,9415012345,9848012345,136,HYD_HC_01
2026-01-12 15:57:00,9415012345,9848098765,91,HYD_BH_03
2026-01-12 16:25:00,9876543210,9876543211,184,LKO_HZ_02
2026-01-12 16:26:00,9812345678,9876543210,382,LKO_AM_09
2026-01-12 20:49:00,9700112233,9988776655,276,LKO_CH_04
2026-01-13 10:26:00,9812345678,9876543210,268,LKO_AL_11
2026-01-13 10:55:00,9700112233,9111222333,246,LKO_HZ_02
2026-01-13 14:19:00,9111222333,9848012345,126,LKO_CH_04
2026-01-13 14:31:00,9811223344,9988776655,24,LKO_CH_04
2026-01-13 16:03:00,9876543210,9933557788,195,HYD_HC_01
2026-01-13 17:42:00,9111222333,9933557788,23,LKO_GN_07
2026-01-13 18:51:00,9000011122,9700112233,217,HYD_BH_03
2026-01-13 19:34:00,9848098765,9700445566,122,LKO_CH_04
2026-01-13 19:44:00,9812345678,9933557788,65,HYD_HC_01
2026-01-13 22:08:00,9812345678,9848012345,283,LKO_GN_07
2026-01-14 01:15:00,9111222333,9000011122,1608,HYD_HC_01
2026-01-14 01:22:00,9111222333,9000011122,1659,HYD_BH_03
2026-01-14 01:49:00,9111222333,9000011122,2534,LKO_GN_07
2026-01-14 11:15:00,9111222333,9848012345,46,LKO_CH_04
2026-01-14 12:06:00,9415012345,9812345678,23,LKO_AL_11
2026-01-14 14:13:00,9876543211,9812345678,292,LKO_AL_11
2026-01-14 15:44:00,9933557788,9811223344,141,HYD_HC_01
2026-01-14 16:17:00,9876543210,9933557788,305,LKO_AL_11
2026-01-14 17:38:00,9000011122,9812345678,68,HYD_HC_01
2026-01-15 10:44:00,9812345678,9876543210,214,HYD_HC_01
2026-01-15 14:11:00,9700445566,9812345678,277,HYD_BH_03
2026-01-15 14:40:00,9111222333,9848012345,144,HYD_HC_01
2026-01-15 14:52:00,9848012345,9415012345,147,LKO_AL_11
2026-01-15 15:45:00,9812345678,9876543211,161,LKO_GN_07
2026-01-15 17:52:00,9000011122,9933557788,122,LKO_GN_07
2026-01-15 20:23:00,9876543210,9933557788,125,LKO_AM_09
2026-01-15 20:29:00,9848012345,9811223344,204,LKO_AL_11
2026-01-15 20:58:00,9988776655,9933557788,285,HYD_HC_01
2026-01-15 21:20:00,9876543210,9848012345,103,LKO_CH_04
2026-01-15 21:36:00,9812345678,9876543210,81,LKO_AL_11
2026-01-15 21:59:00,9415012345,9811223344,54,LKO_AL_11
2026-01-16 02:44:00,9111222333,9000011122,2175,HYD_BH_03
2026-01-16 03:14:00,9111222333,9000011122,2028,HYD_BH_03
2026-01-16 04:28:00,9111222333,9000011122,1235,LKO_GN_07
2026-01-16 11:13:00,9700445566,9812345678,257,LKO_AL_11
2026-01-16 12:16:00,9848012345,9988776655,128,LKO_GN_07
2026-01-16 13:07:00,9700445566,9811223344,284,HYD_HC_01
2026-01-16 14:17:00,9876543211,9812345678,365,HYD_BH_03
2026-01-16 16:21:00,9111222333,9700445566,190,HYD_BH_03
2026-01-16 19:05:00,9811223344,9988776655,121,HYD_BH_03
2026-01-16 19:37:00,9111222333,9848012345,77,LKO_CH_04
2026-01-16 20:33:00,9700445566,9933557788,154,LKO_GN_07
2026-01-17 10:03:00,9812345678,9933557788,201,LKO_AL_11
2026-01-17 12:55:00,9812345678,9876543210,254,LKO_GN_07
2026-01-17 14:11:00,9876543211,9876543210,214,LKO_GN_07
2026-01-17 14:31:00,9415012345,9876543211,47,LKO_AM_09
2026-01-17 15:30:00,9933557788,9988776655,235,LKO_AL_11
2026-01-17 21:31:00,9111222333,9848012345,43,HYD_HC_01
2026-01-18 01:48:00,9111222333,9000011122,1625,HYD_BH_03
2026-01-18 02:15:00,9111222333,9000011122,1555,LKO_AM_09
2026-01-18 02:16:00,9111222333,9000011122,2552,LKO_GN_07
2026-01-18 09:03:00,9415012345,9812345678,94,HYD_HC_01
2026-01-18 09:26:00,9111222333,9848012345,87,HYD_BH_03
2026-01-18 09:43:00,9415012345,9848012345,129,LKO_AL_11
2026-01-18 10:35:00,9876543210,9812345678,273,LKO_AM_09
2026-01-18 11:09:00,9812345678,9876543210,348,LKO_AL_11
2026-01-18 11:18:00,9988776655,9876543210,154,HYD_BH_03
2026-01-18 11:41:00,9876543211,9848098765,86,LKO_AL_11
2026-01-18 18:37:00,9700778899,9415012345,111,LKO_CH_04
2026-01-18 19:27:00,9812345678,9933557788,138,LKO_AM_09
2026-01-18 19:52:00,9988776655,9933557788,157,LKO_CH_04
2026-01-18 21:33:00,9812345678,9876543210,254,LKO_CH_04
2026-01-19 14:40:00,9812345678,9933557788,261,LKO_GN_07
2026-01-19 14:43:00,9000011122,9933557788,167,HYD_HC_01
2026-01-19 15:33:00,9700778899,9812345678,236,LKO_AL_11
2026-01-19 17:05:00,9876543210,9933557788,110,LKO_CH_04
2026-01-19 20:25:00,9876543211,9812345678,199,LKO_AM_09
2026-01-19 21:17:00,9700778899,9700112233,30,HYD_HC_01
2026-01-20 01:42:00,9111222333,9000011122,2311,LKO_CH_04
2026-01-20 03:39:00,9111222333,9000011122,2220,HYD_BH_03
2026-01-20 04:03:00,9111222333,9000011122,1584,LKO_AM_09
2026-01-20 09:13:00,9111222333,9848012345,64,LKO_AM_09
2026-01-20 14:20:00,9876543211,9812345678,113,HYD_HC_01
2026-01-20 14:20:00,9812345678,9933557788,89,HYD_HC_01
2026-01-20 15:44:00,9876543210,9876543211,313,LKO_AL_11
2026-01-20 16:00:00,9812345678,9988776655,292,LKO_CH_04
2026-01-20 16:52:00,9876543210,9933557788,108,LKO_CH_04
2026-01-20 17:51:00,9876543210,9700112233,132,HYD_BH_03
2026-01-20 21:58:00,9876543211,9811223344,68,LKO_CH_04
2026-01-20 22:44:00,9988776655,9848012345,258,LKO_GN_07
2026-01-21 12:52:00,9700778899,9848098765,11,LKO_AL_11
2026-01-21 16:59:00,9812345678,9876543210,209,LKO_AM_09
2026-01-21 17:30:00,9812345678,9933557788,122,LKO_CH_04
2026-01-21 18:32:00,9111222333,9848012345,125,LKO_HZ_02
2026-01-21 20:54:00,9988776655,9700778899,222,LKO_AL_11
2026-01-21 21:37:00,9700445566,9988776655,260,HYD_HC_01
2026-01-22 04:02:00,9111222333,9000011122,1458,LKO_AM_09
2026-01-22 04:42:00,9111222333,9000011122,2535,LKO_HZ_02
2026-01-22 08:46:00,9848098765,9848012345,83,LKO_CH_04
2026-01-22 10:04:00,9415012345,9700112233,250,HYD_HC_01
2026-01-22 14:21:00,9876543211,9812345678,342,HYD_HC_01
2026-01-22 17:44:00,9988776655,9000011122,213,HYD_BH_03
2026-01-22 17:59:00,9876543210,9933557788,254,HYD_HC_01
2026-01-22 21:02:00,9811223344,9988776655,141,HYD_BH_03
2026-01-22 21:15:00,9812345678,9933557788,206,LKO_CH_04
2026-01-22 21:43:00,9876543211,9000011122,283,LKO_CH_04
2026-01-22 21:54:00,9415012345,9876543211,235,LKO_GN_07
2026-01-23 08:18:00,9000011122,9700778899,193,LKO_AL_11
2026-01-23 10:10:00,9700112233,9700778899,99,LKO_GN_07
2026-01-23 11:33:00,9111222333,9812345678,220,LKO_AM_09
2026-01-23 11:48:00,9812345678,9933557788,222,HYD_BH_03
2026-01-23 19:43:00,9876543210,9812345678,207,LKO_HZ_02
2026-01-23 20:19:00,9111222333,9848012345,145,LKO_GN_07
2026-01-23 22:34:00,9812345678,9876543211,78,LKO_AM_09
2026-01-24 02:24:00,9111222333,9000011122,2189,LKO_GN_07
2026-01-24 02:24:00,9111222333,9000011122,2371,LKO_AL_11
2026-01-24 12:04:00,9876543210,9933557788,316,LKO_AL_11
2026-01-24 14:17:00,9876543210,9700112233,14,LKO_AM_09
2026-01-24 16:58:00,9876543211,9876543210,358,LKO_HZ_02
2026-01-24 17:16:00,9700112233,9811223344,80,HYD_BH_03
2026-01-24 17:44:00,9000011122,9933557788,92,LKO_CH_04
2026-01-24 17:51:00,9700778899,9811223344,190,LKO_HZ_02
2026-01-24 19:16:00,9876543210,9876543211,295,LKO_AL_11
2026-01-24 20:47:00,9415012345,9700112233,35,LKO_AM_09
2026-01-24 21:57:00,9700445566,9848012345,156,HYD_HC_01
2026-01-24 23:51:00,9812345678,9876543210,298,LKO_AL_11
2026-01-25 09:09:00,9876543211,9848012345,125,HYD_HC_01
2026-01-25 13:50:00,9812345678,9876543210,285,LKO_GN_07
2026-01-25 14:00:00,9876543211,9700778899,145,LKO_AM_09
2026-01-25 16:11:00,9812345678,9933557788,111,LKO_HZ_02
2026-01-25 17:58:00,9111222333,9848012345,64,HYD_HC_01
2026-01-25 18:25:00,9700112233,9700445566,295,LKO_AL_11
2026-01-25 20:18:00,9988776655,9848012345,183,HYD_HC_01
2026-01-25 21:08:00,9876543210,9933557788,136,LKO_AL_11
2026-01-26 01:40:00,9111222333,9000011122,2150,HYD_BH_03
2026-01-26 09:06:00,9988776655,9848012345,130,LKO_AM_09
2026-01-26 10:39:00,9812345678,9933557788,203,LKO_AL_11
2026-01-26 15:07:00,9111222333,9848012345,47,LKO_GN_07
2026-01-26 15:23:00,9812345678,9111222333,286,LKO_CH_04
2026-01-26 19:09:00,9933557788,9700445566,222,HYD_BH_03
2026-01-26 19:47:00,9876543211,9812345678,194,LKO_AM_09
2026-01-26 20:23:00,9876543210,9933557788,145,HYD_BH_03
2026-01-27 10:54:00,9111222333,9848012345,135,LKO_CH_04
2026-01-27 11:08:00,9700778899,9000011122,299,LKO_HZ_02
2026-01-27 13:02:00,9876543211,9812345678,249,LKO_HZ_02
2026-01-27 13:54:00,9876543210,9933557788,275,LKO_GN_07
2026-01-27 16:03:00,9000011122,9933557788,110,LKO_AL_11
2026-01-27 16:13:00,9876543211,9700778899,120,HYD_HC_01
2026-01-27 18:40:00,9700112233,9811223344,20,LKO_GN_07
2026-01-28 01:28:00,9111222333,9000011122,2231,LKO_HZ_02
2026-01-28 01:47:00,9111222333,9000011122,1330,LKO_CH_04
2026-01-28 04:49:00,9111222333,9000011122,1941,LKO_AM_09
2026-01-28 08:03:00,9848012345,9700112233,255,HYD_HC_01
2026-01-28 11:08:00,9000011122,9933557788,154,LKO_CH_04
2026-01-28 12:08:00,9876543210,9933557788,218,HYD_HC_01
2026-01-28 18:06:00,9111222333,9415012345,261,HYD_BH_03
2026-01-28 19:37:00,9811223344,9988776655,142,LKO_GN_07
2026-01-28 20:55:00,9812345678,9933557788,66,LKO_HZ_02
2026-01-28 21:57:00,9876543211,9876543210,365,LKO_GN_07
2026-01-28 22:55:00,9700445566,9700778899,276,LKO_AL_11
2026-01-29 09:05:00,9700112233,9848012345,53,LKO_GN_07
2026-01-29 14:26:00,9415012345,9848012345,58,LKO_AL_11
2026-01-29 14:38:00,9876543210,9812345678,135,LKO_GN_07
2026-01-29 18:16:00,9111222333,9000011122,201,LKO_HZ_02
2026-01-29 18:40:00,9876543210,9876543211,359,LKO_AM_09
2026-01-29 19:33:00,9812345678,9933557788,135,LKO_CH_04
2026-01-29 21:44:00,9111222333,9848012345,44,HYD_HC_01
2026-01-29 22:14:00,9111222333,9848012345,221,LKO_AL_11
2026-01-30 01:18:00,9111222333,9000011122,2429,LKO_AL_11
2026-01-30 02:09:00,9111222333,9000011122,2544,LKO_CH_04
2026-01-30 03:06:00,9111222333,9000011122,2383,LKO_AM_09
2026-01-30 10:22:00,9111222333,9848012345,138,LKO_AM_09
2026-01-30 10:55:00,9000011122,9876543210,83,LKO_AM_09
2026-01-30 12:36:00,9876543211,9700778899,125,HYD_HC_01
2026-01-30 19:07:00,9812345678,9876543211,270,LKO_AL_11
2026-01-30 19:48:00,9812345678,9988776655,168,LKO_AL_11
2026-01-30 20:52:00,9111222333,9848098765,295,LKO_GN_07
2026-01-30 21:08:00,9876543210,9876543211,344,LKO_GN_07
2026-01-30 21:44:00,9933557788,9700112233,146,LKO_GN_07
2026-01-31 08:14:00,9700112233,9988776655,212,LKO_AM_09
2026-01-31 09:18:00,9000011122,9111222333,259,LKO_AM_09
2026-01-31 11:19:00,9876543210,9415012345,118,HYD_HC_01
2026-01-31 11:47:00,9876543211,9876543210,384,LKO_GN_07
2026-01-31 11:48:00,9111222333,9988776655,272,LKO_GN_07
2026-01-31 12:18:00,9812345678,9700778899,177,LKO_GN_07
2026-01-31 13:46:00,9876543210,9876543211,226,HYD_HC_01
2026-01-31 15:26:00,9876543210,9812345678,292,LKO_AL_11
2026-01-31 19:27:00,9111222333,9848012345,92,LKO_AM_09
2026-01-31 19:27:00,9876543210,9848012345,99,LKO_HZ_02
2026-01-31 20:03:00,9000011122,9933557788,146,LKO_GN_07
2026-02-01 01:20:00,9111222333,9000011122,1551,HYD_HC_01
2026-02-01 04:18:00,9111222333,9000011122,1435,LKO_CH_04
2026-02-01 04:53:00,9111222333,9000011122,2612,LKO_AL_11
2026-02-01 09:33:00,9848098765,9700112233,271,LKO_HZ_02
2026-02-01 10:15:00,9111222333,9848012345,85,LKO_AM_09
2026-02-01 12:12:00,9876543211,9812345678,98,LKO_AM_09
2026-02-01 13:46:00,9700778899,9000011122,85,LKO_HZ_02
2026-02-01 13:49:00,9000011122,9811223344,96,LKO_GN_07
2026-02-01 14:55:00,9848098765,9876543211,168,HYD_BH_03
2026-02-01 15:01:00,9876543211,9876543210,295,LKO_GN_07
2026-02-01 17:35:00,9812345678,9876543210,241,LKO_GN_07
2026-02-01 20:41:00,9812345678,9700778899,48,LKO_HZ_02
2026-02-02 12:19:00,9000011122,9933557788,119,LKO_CH_04
2026-02-02 14:53:00,9111222333,9848012345,66,LKO_GN_07
2026-02-02 16:24:00,9933557788,9415012345,246,LKO_AM_09
2026-02-02 16:28:00,9876543211,9876543210,383,LKO_AL_11
2026-02-02 18:12:00,9700778899,9933557788,174,LKO_AM_09
2026-02-02 19:57:00,9848098765,9700778899,31,LKO_CH_04
2026-02-02 21:36:00,9876543211,9812345678,356,LKO_CH_04
2026-02-02 22:40:00,9812345678,9876543211,221,LKO_HZ_02
2026-02-03 02:21:00,9111222333,9000011122,1366,LKO_AM_09
2026-02-03 03:16:00,9111222333,9000011122,2682,HYD_HC_01
2026-02-03 09:19:00,9933557788,9700445566,296,LKO_CH_04
2026-02-03 09:28:00,9812345678,9876543210,112,HYD_HC_01
2026-02-03 13:52:00,9700112233,9700778899,75,HYD_BH_03
2026-02-03 14:24:00,9812345678,9933557788,164,HYD_HC_01
2026-02-03 14:32:00,9700112233,9415012345,195,LKO_GN_07
2026-02-03 16:06:00,9000011122,9933557788,131,HYD_BH_03
2026-02-03 17:28:00,9876543210,9933557788,171,LKO_AL_11
2026-02-03 17:41:00,9876543211,9876543210,148,LKO_GN_07
2026-02-03 18:58:00,9700445566,9415012345,279,LKO_GN_07
2026-02-03 19:42:00,9988776655,9700112233,210,LKO_HZ_02
2026-02-03 22:03:00,9811223344,9988776655,221,HYD_BH_03
2026-02-04 10:11:00,9111222333,9812345678,94,HYD_BH_03
2026-02-04 11:04:00,9876543210,9812345678,211,HYD_HC_01
2026-02-04 12:21:00,9876543211,9876543210,308,LKO_HZ_02
2026-02-04 14:23:00,9848012345,9876543210,131,LKO_CH_04
2026-02-04 22:49:00,9700112233,9000011122,77,LKO_AM_09
2026-02-05 04:55:00,9111222333,9000011122,1960,LKO_AM_09
2026-02-05 12:34:00,9876543211,9812345678,182,LKO_AL_11
2026-02-05 12:52:00,9876543210,9933557788,192,HYD_HC_01
2026-02-05 14:43:00,9876543211,9876543210,352,LKO_CH_04
2026-02-05 20:10:00,9988776655,9876543211,149,LKO_CH_04
2026-02-05 21:24:00,9876543211,9812345678,317,LKO_AM_09
2026-02-05 21:27:00,9848098765,9812345678,56,LKO_HZ_02
2026-02-05 22:22:00,9415012345,9848012345,23,LKO_CH_04
2026-02-06 11:45:00,9848098765,9933557788,83,LKO_AL_11
2026-02-06 11:48:00,9111222333,9848012345,120,LKO_CH_04
2026-02-06 12:15:00,9876543211,9700778899,164,LKO_GN_07
2026-02-06 12:24:00,9876543211,9812345678,101,LKO_AL_11
2026-02-06 14:40:00,9876543210,9811223344,244,LKO_GN_07
2026-02-06 15:59:00,9876543210,9933557788,140,HYD_HC_01
2026-02-06 16:46:00,9811223344,9812345678,280,LKO_CH_04
2026-02-06 17:34:00,9876543211,9848012345,18,HYD_BH_03
2026-02-06 19:08:00,9811223344,9988776655,69,LKO_AL_11
2026-02-06 22:05:00,9933557788,9876543210,19,LKO_AL_11
2026-02-07 03:50:00,9111222333,9000011122,1338,LKO_AL_11
2026-02-07 10:51:00,9848012345,9700112233,79,LKO_GN_07
2026-02-07 11:56:00,9876543210,9700778899,31,LKO_AL_11
2026-02-07 12:36:00,9876543210,9876543211,273,LKO_HZ_02
2026-02-07 13:34:00,9812345678,9876543210,183,HYD_HC_01
2026-02-07 15:02:00,9700445566,9700778899,160,LKO_HZ_02
2026-02-07 17:23:00,9812345678,9876543210,94,LKO_AM_09
2026-02-07 17:23:00,9000011122,9933557788,92,HYD_BH_03
2026-02-07 19:40:00,9111222333,9848012345,43,HYD_HC_01
2026-02-07 21:49:00,9700112233,9812345678,247,HYD_BH_03
2026-02-07 22:32:00,9876543210,9933557788,100,LKO_CH_04
2026-02-08 09:05:00,9988776655,9000011122,177,HYD_BH_03
2026-02-08 12:51:00,9700778899,9848098765,52,HYD_BH_03
2026-02-08 13:22:00,9876543210,9812345678,84,HYD_HC_01
2026-02-08 13:28:00,9700445566,9848012345,31,HYD_BH_03
2026-02-08 14:07:00,9876543210,9933557788,278,LKO_CH_04
2026-02-08 14:38:00,9111222333,9876543211,102,LKO_AM_09
2026-02-08 15:38:00,9988776655,9415012345,228,LKO_HZ_02
2026-02-08 15:44:00,9000011122,9812345678,264,LKO_AL_11
2026-02-08 22:34:00,9812345678,9876543211,302,LKO_AL_11
2026-02-09 02:33:00,9111222333,9000011122,1951,LKO_CH_04
2026-02-09 03:28:00,9111222333,9000011122,1357,LKO_AM_09
2026-02-09 12:45:00,9988776655,9700778899,238,LKO_HZ_02
2026-02-09 13:15:00,9111222333,9848012345,44,LKO_GN_07
2026-02-09 13:40:00,9812345678,9876543211,89,LKO_GN_07
2026-02-09 13:49:00,9812345678,9933557788,225,LKO_AL_11
2026-02-09 14:32:00,9812345678,9876543211,141,LKO_GN_07
2026-02-09 14:58:00,9848012345,9848098765,297,LKO_GN_07
2026-02-09 19:43:00,9876543210,9933557788,314,LKO_GN_07
2026-02-09 19:58:00,9933557788,9988776655,261,LKO_HZ_02
2026-02-09 21:04:00,9876543211,9812345678,241,LKO_HZ_02
2026-02-09 22:02:00,9811223344,9988776655,214,LKO_HZ_02
2026-02-10 09:19:00,9933557788,9876543211,213,HYD_BH_03
2026-02-10 10:20:00,9933557788,9876543211,47,LKO_CH_04
2026-02-10 13:50:00,9876543210,9933557788,161,LKO_HZ_02
2026-02-10 16:22:00,9848012345,9700112233,75,HYD_HC_01
2026-02-10 16:26:00,9700445566,9848012345,219,HYD_HC_01
2026-02-10 17:34:00,9876543211,9876543210,208,LKO_AL_11
2026-02-10 19:36:00,9000011122,9933557788,107,LKO_CH_04
2026-02-10 21:23:00,9876543210,9812345678,320,LKO_HZ_02
2026-02-10 21:43:00,9876543211,9876543210,223,HYD_BH_03
2026-02-11 01:32:00,9111222333,9000011122,2512,LKO_HZ_02
2026-02-11 02:10:00,9111222333,9000011122,2549,LKO_AM_09
2026-02-11 03:08:00,9111222333,9000011122,2480,LKO_AL_11
2026-02-11 08:52:00,9415012345,9933557788,24,LKO_GN_07
2026-02-11 12:16:00,9000011122,9933557788,85,HYD_BH_03
2026-02-11 12:41:00,9700112233,9848098765,164,LKO_CH_04
2026-02-11 17:09:00,9876543210,9812345678,215,LKO_HZ_02
2026-02-11 17:26:00,9811223344,9700778899,25,LKO_CH_04
2026-02-11 20:36:00,9876543210,9700112233,145,HYD_BH_03
2026-02-11 20:43:00,9811223344,9700778899,217,LKO_AL_11
2026-02-11 21:08:00,9812345678,9876543210,281,LKO_AM_09
2026-02-11 23:45:00,9876543210,9876543211,175,LKO_AL_11
2026-02-12 09:25:00,9848012345,9876543210,268,LKO_CH_04
2026-02-12 11:28:00,9876543210,9812345678,272,LKO_CH_04
2026-02-12 12:09:00,9111222333,9848012345,42,LKO_GN_07
2026-02-12 14:15:00,9111222333,9933557788,91,HYD_HC_01
2026-02-12 14:38:00,9876543211,9876543210,133,LKO_AL_11
2026-02-12 15:25:00,9812345678,9933557788,93,HYD_HC_01
2026-02-12 16:29:00,9812345678,9848012345,265,LKO_AL_11
2026-02-12 17:22:00,9811223344,9415012345,34,LKO_GN_07
2026-02-12 19:20:00,9000011122,9933557788,107,HYD_HC_01
2026-02-12 22:06:00,9811223344,9988776655,141,LKO_HZ_02
2026-02-13 01:08:00,9111222333,9000011122,1398,LKO_CH_04
2026-02-13 03:50:00,9111222333,9000011122,1894,LKO_AM_09
2026-02-13 03:52:00,9111222333,9000011122,2476,HYD_BH_03
2026-02-13 10:45:00,9876543210,9415012345,180,HYD_HC_01
2026-02-13 11:56:00,9876543210,9876543211,195,HYD_BH_03
2026-02-13 13:10:00,9000011122,9933557788,211,LKO_AM_09
2026-02-13 13:34:00,9876543211,9812345678,64,HYD_HC_01
2026-02-13 15:09:00,9848012345,9848098765,273,LKO_HZ_02
2026-02-13 16:23:00,9876543210,9933557788,113,LKO_CH_04
2026-02-13 16:25:00,9811223344,9933557788,266,LKO_GN_07
2026-02-13 17:32:00,9000011122,9933557788,117,HYD_HC_01
2026-02-13 18:12:00,9812345678,9933557788,152,LKO_AM_09
2026-02-14 11:02:00,9415012345,9700112233,66,LKO_HZ_02
2026-02-14 13:26:00,9876543210,9848012345,87,LKO_CH_04
2026-02-14 15:10:00,9876543210,9933557788,278,HYD_BH_03
2026-02-14 15:37:00,9876543211,9876543210,217,HYD_HC_01
2026-02-14 16:52:00,9876543211,9812345678,68,LKO_AL_11
2026-02-14 17:53:00,9876543211,9812345678,320,LKO_AM_09
2026-02-14 20:37:00,9700112233,9700778899,126,HYD_BH_03
2026-02-14 20:53:00,9700445566,9933557788,204,LKO_HZ_02
2026-02-15 02:17:00,9111222333,9000011122,2342,LKO_AL_11
2026-02-15 12:29:00,9876543210,9933557788,265,LKO_AM_09
2026-02-15 13:49:00,9111222333,9848012345,66,HYD_BH_03
2026-02-15 15:20:00,9700445566,9415012345,255,LKO_AL_11
2026-02-15 16:24:00,9933557788,9700112233,212,HYD_HC_01
2026-02-15 17:49:00,9876543210,9876543211,373,LKO_CH_04
2026-02-15 19:17:00,9848098765,9700778899,157,LKO_GN_07
2026-02-15 19:30:00,9812345678,9876543211,329,LKO_CH_04
2026-02-15 20:08:00,9812345678,9876543210,325,LKO_HZ_02
2026-02-15 20:09:00,9000011122,9700778899,158,LKO_GN_07
2026-02-15 21:43:00,9812345678,9933557788,224,HYD_HC_01
2026-02-16 10:00:00,9700112233,9700778899,291,LKO_HZ_02
2026-02-16 12:12:00,9876543211,9812345678,335,LKO_AL_11
2026-02-16 14:21:00,9876543210,9876543211,251,LKO_GN_07
2026-02-16 14:59:00,9812345678,9876543210,286,HYD_BH_03
2026-02-16 19:57:00,9111222333,9848012345,97,LKO_HZ_02
2026-02-16 20:18:00,9700112233,9811223344,174,LKO_AL_11
2026-02-16 20:47:00,9000011122,9933557788,135,LKO_HZ_02
2026-02-16 22:56:00,9111222333,9700112233,253,LKO_CH_04
2026-02-17 01:19:00,9111222333,9000011122,2363,LKO_AM_09
2026-02-17 10:00:00,9988776655,9700445566,182,HYD_HC_01
2026-02-17 10:46:00,9876543211,9000011122,244,HYD_BH_03
2026-02-17 14:18:00,9111222333,9848012345,88,HYD_BH_03
2026-02-17 14:42:00,9000011122,9876543211,58,LKO_HZ_02
2026-02-17 15:17:00,9812345678,9848098765,108,HYD_HC_01
2026-02-17 18:48:00,9988776655,9933557788,108,LKO_HZ_02
2026-02-17 19:36:00,9876543210,9812345678,178,LKO_AM_09
2026-02-17 22:25:00,9876543210,9812345678,313,LKO_HZ_02
2026-02-17 22:25:00,9933557788,9700112233,228,LKO_AM_09
2026-02-17 23:58:00,9812345678,9876543210,149,LKO_CH_04
2026-02-18 10:29:00,9111222333,9848012345,69,LKO_HZ_02
2026-02-18 10:30:00,9811223344,9415012345,88,LKO_CH_04
2026-02-18 13:26:00,9700445566,9933557788,291,LKO_CH_04
2026-02-18 17:48:00,9876543210,9933557788,226,LKO_AL_11
2026-02-18 20:38:00,9811223344,9700112233,51,LKO_AM_09
2026-02-18 20:42:00,9700778899,9848098765,121,HYD_HC_01
2026-02-18 21:36:00,9812345678,9933557788,62,LKO_AL_11
2026-02-18 22:18:00,9876543211,9700112233,198,LKO_AM_09
2026-02-18 22:57:00,9700112233,9848098765,169,HYD_BH_03
2026-02-18 23:15:00,9876543211,9812345678,63,LKO_AL_11
2026-02-19 04:08:00,9111222333,9000011122,2251,LKO_CH_04
2026-02-19 09:02:00,9811223344,9933557788,226,LKO_AL_11
2026-02-19 09:35:00,9111222333,9848012345,89,HYD_BH_03
2026-02-19 10:58:00,9812345678,9876543211,348,LKO_GN_07
2026-02-19 14:11:00,9876543210,9988776655,79,HYD_HC_01
2026-02-19 14:16:00,9700445566,9876543210,11,HYD_BH_03
2026-02-19 16:03:00,9700445566,9876543211,45,LKO_CH_04
2026-02-19 18:26:00,9700112233,9700445566,201,LKO_CH_04
2026-02-19 18:28:00,9876543210,9933557788,149,HYD_BH_03
2026-02-19 18:34:00,9876543210,9812345678,136,LKO_HZ_02
2026-02-19 19:31:00,9812345678,9933557788,83,LKO_AM_09
2026-02-20 09:38:00,9811223344,9876543211,27,LKO_CH_04
2026-02-20 10:43:00,9876543211,9812345678,398,HYD_HC_01
2026-02-20 11:29:00,9111222333,9811223344,187,LKO_HZ_02
2026-02-20 14:39:00,9700778899,9700112233,18,LKO_HZ_02
2026-02-20 18:25:00,9876543210,9933557788,155,HYD_BH_03
2026-02-20 19:34:00,9848012345,9700112233,227,LKO_AM_09
2026-02-20 19:55:00,9812345678,9876543210,238,LKO_GN_07
2026-02-20 22:56:00,9988776655,9811223344,67,LKO_GN_07
2026-02-21 04:35:00,9111222333,9000011122,2215,LKO_GN_07
2026-02-21 09:59:00,9000011122,9700112233,240,HYD_HC_01
2026-02-21 12:42:00,9812345678,9933557788,193,LKO_HZ_02
2026-02-21 12:47:00,9812345678,9876543210,82,LKO_CH_04
2026-02-21 12:52:00,9812345678,9876543211,354,LKO_AL_11
2026-02-21 12:54:00,9811223344,9415012345,83,HYD_HC_01
2026-02-21 13:44:00,9700778899,9848098765,223,LKO_CH_04
2026-02-21 14:11:00,9812345678,9988776655,285,LKO_CH_04
2026-02-21 14:15:00,9848098765,9812345678,140,LKO_HZ_02
2026-02-21 16:26:00,9848012345,9876543210,223,LKO_AM_09
2026-02-21 17:13:00,9876543211,9876543210,88,LKO_HZ_02
2026-02-21 20:03:00,9811223344,9988776655,202,LKO_AM_09
2026-02-21 22:43:00,9876543210,9933557788,254,LKO_HZ_02
2026-02-22 09:17:00,9876543210,9812345678,253,HYD_BH_03
2026-02-22 09:47:00,9811223344,9700445566,255,LKO_HZ_02
2026-02-22 13:19:00,9848098765,9700112233,143,LKO_AL_11
2026-02-22 14:19:00,9111222333,9848012345,146,LKO_GN_07
2026-02-22 19:13:00,9700445566,9933557788,213,LKO_HZ_02
2026-02-22 20:18:00,9848098765,9000011122,204,LKO_CH_04
2026-02-22 22:04:00,9812345678,9876543210,156,HYD_HC_01
2026-02-23 03:16:00,9111222333,9000011122,2200,HYD_BH_03
2026-02-23 04:29:00,9111222333,9000011122,1544,HYD_BH_03
2026-02-23 10:51:00,9876543211,9812345678,300,HYD_HC_01
2026-02-23 11:04:00,9415012345,9700112233,87,LKO_GN_07
2026-02-23 14:20:00,9876543211,9876543210,271,LKO_GN_07
2026-02-23 15:14:00,9812345678,9933557788,157,LKO_AM_09
2026-02-23 16:02:00,9700112233,9876543210,48,HYD_HC_01
2026-02-23 16:31:00,9812345678,9700445566,104,LKO_AM_09
2026-02-23 19:37:00,9876543210,9933557788,303,LKO_AL_11
2026-02-23 20:00:00,9700112233,9876543210,221,LKO_HZ_02
2026-02-23 20:09:00,9812345678,9876543210,68,LKO_AL_11
2026-02-24 09:23:00,9700778899,9111222333,217,LKO_CH_04
2026-02-24 10:34:00,9812345678,9933557788,201,LKO_CH_04
2026-02-24 12:52:00,9933557788,9848098765,191,LKO_AL_11
2026-02-24 14:03:00,9812345678,9876543211,376,HYD_BH_03
2026-02-24 16:09:00,9876543211,9415012345,133,LKO_HZ_02
2026-02-24 19:14:00,9933557788,9811223344,163,HYD_BH_03
2026-02-24 19:58:00,9876543210,9933557788,337,HYD_BH_03
2026-02-24 20:43:00,9111222333,9848012345,85,HYD_HC_01
2026-02-24 22:46:00,9811223344,9988776655,130,LKO_AM_09
2026-02-25 01:57:00,9111222333,9000011122,2281,LKO_GN_07
2026-02-25 02:13:00,9111222333,9000011122,2617,LKO_AM_09
2026-02-25 04:17:00,9111222333,9000011122,1295,LKO_GN_07
2026-02-25 10:25:00,9812345678,9876543210,254,LKO_CH_04
2026-02-25 10:40:00,9876543210,9933557788,94,HYD_BH_03
2026-02-25 11:36:00,9812345678,9933557788,209,HYD_BH_03
2026-02-25 11:37:00,9000011122,9876543210,83,HYD_HC_01
2026-02-25 14:48:00,9848098765,9000011122,81,HYD_HC_01
2026-02-25 17:54:00,9812345678,9933557788,171,HYD_BH_03
2026-02-25 18:02:00,9848098765,9933557788,101,HYD_HC_01
2026-02-25 21:25:00,9415012345,9700445566,49,LKO_AL_11
2026-02-26 09:00:00,9000011122,9876543211,167,LKO_CH_04
2026-02-26 09:17:00,9700445566,9876543211,88,LKO_CH_04
2026-02-26 12:06:00,9000011122,9700778899,77,LKO_GN_07
2026-02-26 12:53:00,9876543210,9876543211,98,LKO_AL_11
2026-02-26 13:43:00,9000011122,9933557788,134,HYD_BH_03
2026-02-26 17:31:00,9876543210,9933557788,206,LKO_AL_11
2026-02-26 17:47:00,9812345678,9876543210,237,LKO_GN_07
2026-02-26 18:09:00,9700445566,9700778899,209,LKO_AL_11
2026-02-26 21:20:00,9812345678,9876543211,75,HYD_BH_03
2026-02-26 21:39:00,9111222333,9848012345,67,HYD_HC_01
2026-02-27 02:43:00,9111222333,9000011122,1979,LKO_HZ_02
2026-02-27 11:22:00,9876543210,9933557788,137,LKO_AM_09
2026-02-27 12:26:00,9812345678,9111222333,163,LKO_CH_04
2026-02-27 12:46:00,9000011122,9933557788,175,LKO_AM_09
2026-02-27 13:16:00,9700778899,9876543211,136,HYD_BH_03
2026-02-27 13:17:00,9111222333,9848012345,93,LKO_HZ_02
2026-02-27 17:35:00,9876543211,9812345678,322,LKO_CH_04
2026-02-27 17:39:00,9700112233,9848012345,110,LKO_CH_04
2026-02-27 21:00:00,9811223344,9988776655,134,LKO_CH_04
2026-02-28 09:25:00,9876543210,9876543211,230,HYD_HC_01
2026-02-28 10:43:00,9933557788,9848098765,291,LKO_GN_07
2026-02-28 13:07:00,9700778899,9111222333,298,LKO_HZ_02
2026-02-28 13:24:00,9700778899,9811223344,153,HYD_HC_01
2026-02-28 14:30:00,9000011122,9933557788,100,LKO_HZ_02
2026-02-28 19:13:00,9700445566,9848012345,234,HYD_HC_01
2026-02-28 19:40:00,9988776655,9700445566,261,LKO_AM_09
2026-02-28 20:38:00,9812345678,9933557788,94,LKO_AL_11
2026-02-28 22:55:00,9876543210,9933557788,258,LKO_CH_04
2026-03-01 01:06:00,9111222333,9000011122,1708,HYD_BH_03
2026-03-01 03:44:00,9111222333,9000011122,2299,LKO_AM_09
2026-03-01 04:34:00,9111222333,9000011122,1275,HYD_HC_01
2026-03-01 08:36:00,9700112233,9933557788,214,HYD_HC_01
2026-03-01 14:06:00,9000011122,9700778899,15,LKO_GN_07
2026-03-01 16:47:00,9988776655,9811223344,275,LKO_AM_09
2026-03-01 17:14:00,9933557788,9700445566,238,LKO_AL_11
2026-03-01 19:19:00,9876543211,9876543210,183,LKO_AL_11
2026-03-01 19:30:00,9812345678,9933557788,209,LKO_CH_04
2026-03-01 21:27:00,9876543210,9933557788,283,LKO_GN_07
2026-03-01 22:54:00,9812345678,9876543210,269,HYD_BH_03
2026-03-02 08:51:00,9876543211,9988776655,68,LKO_GN_07
2026-03-02 10:35:00,9811223344,9848098765,91,LKO_AL_11
2026-03-02 14:01:00,9876543211,9876543210,307,LKO_GN_07
2026-03-02 14:21:00,9812345678,9933557788,176,HYD_HC_01
2026-03-02 15:14:00,9848098765,9111222333,217,HYD_BH_03
2026-03-02 18:06:00,9415012345,9000011122,94,HYD_BH_03
2026-03-02 18:42:00,9812345678,9415012345,231,LKO_CH_04
2026-03-02 21:22:00,9811223344,9988776655,181,LKO_GN_07
2026-03-02 23:05:00,9876543211,9812345678,119,HYD_HC_01
2026-03-03 01:16:00,9111222333,9000011122,2573,HYD_HC_01
2026-03-03 01:51:00,9111222333,9000011122,2299,LKO_HZ_02
2026-03-03 03:20:00,9111222333,9000011122,1603,LKO_CH_04
2026-03-03 09:11:00,9811223344,9988776655,201,HYD_BH_03
2026-03-03 10:31:00,9111222333,9415012345,285,HYD_BH_03
2026-03-03 13:13:00,9876543210,9933557788,232,HYD_HC_01
2026-03-03 13:22:00,9933557788,9876543211,244,LKO_AM_09
2026-03-03 14:26:00,9812345678,9848098765,80,LKO_AM_09
2026-03-03 16:37:00,9812345678,9876543210,279,LKO_CH_04
2026-03-03 18:08:00,9933557788,9876543211,170,LKO_GN_07
2026-03-03 19:20:00,9111222333,9848012345,106,LKO_CH_04
2026-03-03 19:51:00,9812345678,9700112233,162,LKO_AM_09
2026-03-04 12:14:00,9988776655,9876543210,285,LKO_AL_11
2026-03-04 12:52:00,9876543211,9876543210,256,LKO_AM_09
2026-03-04 15:36:00,9812345678,9700778899,263,LKO_AM_09
2026-03-04 16:18:00,9876543210,9812345678,131,LKO_HZ_02
2026-03-04 16:52:00,9848098765,9000011122,31,HYD_HC_01
2026-03-04 17:07:00,9848098765,9876543211,147,HYD_HC_01
2026-03-04 17:26:00,9876543210,9933557788,341,LKO_CH_04
2026-03-04 18:01:00,9111222333,9848012345,131,HYD_HC_01
2026-03-04 18:03:00,9876543211,9812345678,243,LKO_GN_07
2026-03-05 02:39:00,9111222333,9000011122,1485,HYD_HC_01
2026-03-05 02:52:00,9111222333,9000011122,1623,HYD_HC_01
2026-03-05 12:18:00,9000011122,9700445566,146,HYD_HC_01
2026-03-05 14:34:00,9111222333,9848012345,65,LKO_AM_09
2026-03-05 15:06:00,9876543211,9876543210,394,HYD_HC_01
2026-03-05 16:55:00,9876543211,9876543210,120,HYD_HC_01
2026-03-05 19:55:00,9700112233,9812345678,77,LKO_HZ_02
2026-03-05 21:06:00,9848098765,9700112233,79,HYD_HC_01
2026-03-05 21:37:00,9812345678,9933557788,236,LKO_AL_11
2026-03-05 22:02:00,9876543210,9876543211,290,LKO_AL_11
2026-03-05 22:03:00,9700778899,9111222333,151,HYD_HC_01
2026-03-06 14:29:00,9111222333,9848012345,92,LKO_AL_11
2026-03-06 16:25:00,9876543211,9700778899,121,LKO_CH_04
2026-03-06 18:44:00,9848012345,9700112233,193,HYD_HC_01
2026-03-06 20:17:00,9876543210,9933557788,302,LKO_CH_04
2026-03-06 20:50:00,9812345678,9933557788,83,LKO_CH_04
2026-03-06 21:46:00,9415012345,9700778899,57,HYD_BH_03
2026-03-06 22:15:00,9812345678,9876543211,261,LKO_CH_04
2026-03-07 04:29:00,9111222333,9000011122,1201,LKO_CH_04
2026-03-07 09:41:00,9812345678,9988776655,194,LKO_AL_11
2026-03-07 10:37:00,9848012345,9876543211,125,LKO_AM_09
2026-03-07 12:36:00,9876543210,9933557788,338,HYD_HC_01
2026-03-07 12:46:00,9111222333,9700112233,129,LKO_CH_04
2026-03-07 14:53:00,9876543211,9812345678,205,LKO_AL_11
2026-03-07 18:01:00,9000011122,9933557788,75,HYD_HC_01
2026-03-07 18:57:00,9876543211,9000011122,94,LKO_GN_07
2026-03-07 19:06:00,9700112233,9876543211,10,LKO_HZ_02
2026-03-07 20:48:00,9812345678,9933557788,72,LKO_GN_07
2026-03-07 20:58:00,9111222333,9848012345,46,HYD_BH_03
2026-03-08 08:39:00,9848098765,9933557788,94,LKO_CH_04
2026-03-08 09:44:00,9876543211,9876543210,235,HYD_HC_01
2026-03-08 10:46:00,9876543210,9876543211,112,LKO_GN_07
2026-03-08 11:40:00,9000011122,9700445566,87,LKO_CH_04
2026-03-08 14:08:00,9876543210,9933557788,285,HYD_HC_01
2026-03-08 15:55:00,9933557788,9700112233,121,LKO_GN_07
2026-03-08 20:08:00,9876543210,9876543211,304,LKO_GN_07
2026-03-09 02:47:00,9111222333,9000011122,2002,LKO_AL_11
2026-03-09 03:13:00,9111222333,9000011122,2260,LKO_AM_09
2026-03-09 03:49:00,9111222333,9000011122,2614,LKO_GN_07
2026-03-09 09:15:00,9848012345,9111222333,265,HYD_BH_03
2026-03-09 10:48:00,9848098765,9700112233,251,HYD_HC_01
2026-03-09 12:15:00,9812345678,9933557788,130,HYD_BH_03
2026-03-09 14:55:00,9000011122,9812345678,225,LKO_AL_11
2026-03-09 16:56:00,9933557788,9876543211,16,LKO_AL_11
2026-03-09 18:46:00,9876543210,9812345678,256,LKO_AL_11
2026-03-09 19:38:00,9000011122,9933557788,136,HYD_BH_03
2026-03-10 09:16:00,9876543210,9812345678,170,LKO_GN_07
2026-03-10 09:40:00,9700445566,9111222333,284,LKO_AM_09
2026-03-10 12:05:00,9933557788,9812345678,168,LKO_GN_07
2026-03-10 15:40:00,9000011122,9933557788,151,LKO_AM_09
2026-03-10 18:48:00,9111222333,9933557788,43,LKO_AL_11
2026-03-10 19:54:00,9700445566,9111222333,132,LKO_GN_07
2026-03-10 20:09:00,9848098765,9811223344,284,LKO_AL_11
2026-03-10 22:27:00,9811223344,9876543211,69,LKO_CH_04
2026-03-11 03:45:00,9111222333,9000011122,2380,HYD_BH_03
2026-03-11 04:17:00,9111222333,9000011122,2272,LKO_GN_07
2026-03-11 08:02:00,9700445566,9848098765,16,LKO_HZ_02
2026-03-11 09:45:00,9876543210,9812345678,130,HYD_BH_03
2026-03-11 10:23:00,9415012345,9933557788,90,LKO_AL_11
2026-03-11 12:49:00,9000011122,9933557788,175,LKO_GN_07
2026-03-11 13:24:00,9876543210,9848012345,86,LKO_HZ_02
2026-03-11 13:42:00,9812345678,9876543210,396,HYD_BH_03
2026-03-11 14:58:00,9000011122,9811223344,173,LKO_AL_11
2026-03-11 16:22:00,9876543210,9812345678,327,LKO_AM_09
2026-03-11 16:32:00,9111222333,9848012345,76,LKO_GN_07
2026-03-11 16:51:00,9415012345,9876543210,224,LKO_HZ_02
2026-03-11 19:47:00,9811223344,9988776655,259,HYD_HC_01
2026-03-11 22:36:00,9700778899,9876543211,69,LKO_HZ_02
